Card,Grade 6,Grade 7,Grade 8,Grade 9,Grade 10,Total
Charizard [1st Edition] #4,953,708,836,779,161,"5,980"
Charizard #4,"17,851","16,981","15,932","8,457",490,"99,255"
Machamp [1st Edition] #8,"1,801","1,410","1,332",582,50,"9,287"
Mewtwo #10,46,78,104,74,9,393
Blastoise #2,53,40,44,18,3,236
Charizard [Shadowless] #4,"2,515","1,882","1,677",929,96,"14,861"
Pikachu #58,642,"1,001","1,982","1,103",455,"5,697"
Venusaur #15,-,1,4,3,3,12
Gyarados #6,50,53,96,64,12,345
Pikachu [1st Edition] #58,448,735,"1,114","1,229",582,"4,746"
Blastoise [1st Edition] #2,661,601,765,764,126,"4,433"
Booster Box [1st Edition],-,-,-,-,-,-
Charmander #46,711,"1,265","2,417","1,743","1,048","7,825"
Mewtwo [1st Edition] #10,476,441,588,611,102,"2,982"
Alakazam #1,27,27,48,30,4,178
Zapdos #16,"2,510","3,088","4,642","4,154",687,"18,321"
Ninetales #12,46,45,88,56,6,282
Raichu #14,"2,567","3,358","4,435","2,656",256,"16,311"
Chansey #3,8,3,11,4,-,30
Venusaur [1st Edition] #15,573,536,681,772,173,"4,019"
Pikachu [Shadowless Red Cheeks] #58,"1,300","1,737","2,304","2,402",840,"10,449"
Charmander [1st Edition] #46,605,"1,015","1,739","2,199","1,038","7,237"
Pikachu [PokeTour 1999] #58,-,-,-,-,-,-
Hitmonchan #7,35,57,74,19,2,234
Squirtle #63,461,815,"1,658","1,105",610,"4,985"
Booster Pack,-,-,-,-,-,-
Bulbasaur #44,474,883,"1,767","1,125",732,"5,338"
Nidoking #11,13,21,35,20,6,112
Booster Pack [1st Edition],-,-,-,-,-,-
Booster Box,-,-,-,-,-,-
Pikachu [1st Edition Red Cheeks] #58,448,546,930,"1,249",286,"4,053"
Poliwrath #13,13,28,29,32,4,124
Machamp [Shadowless] #8,-,-,-,-,-,-
Clefairy #5,9,26,48,31,3,135
Charmeleon #24,332,560,"1,188",707,525,"3,682"
Zapdos [1st Edition] #16,447,431,578,659,154,"3,136"
Gyarados [1st Edition] #6,435,425,616,546,104,"2,865"
Magneton #9,"1,865","2,707","3,619","2,150",190,"12,595"
Mewtwo [Shadowless] #10,"1,457","1,432","1,455",715,91,"7,878"
Blastoise [Shadowless] #2,"1,428","1,274","1,347",695,59,"8,406"
Bulbasaur [1st Edition] #44,386,556,941,"1,220",385,"3,974"
Squirtle [1st Edition] #63,664,"1,002","1,718","2,186","1,015","7,293"
Charizard [1999-2000] #4,9,10,7,3,2,56
Chansey [1st Edition] #3,531,475,651,522,68,"3,149"
Alakazam [1st Edition] #1,448,407,522,549,108,"2,895"
Raichu [1st Edition] #14,546,549,628,559,121,"3,237"
Venusaur [Shadowless] #15,"1,357","1,190","1,306",914,117,"8,079"
Charmander [Shadowless] #46,"1,583","2,332","3,388","3,910","1,655","14,674"
Pikachu [E3 Red Cheeks] #58,38,30,40,72,63,356
Ninetales [1st Edition] #12,390,403,557,522,81,"2,565"
Pikachu [Shadowless] #58,599,778,"1,294","1,937","1,140","6,569"
Wartortle #42,199,456,705,467,316,"2,344"
Gyarados [Shadowless] #6,"1,396","1,444","1,536",845,78,"7,766"
Charizard [Black Dot Error] #4,15,24,26,5,-,117
Magikarp [1st Edition] #35,147,289,539,782,274,"2,194"
Charmeleon [1st Edition] #24,287,435,781,"1,007",320,"3,135"
Ivysaur #30,192,324,853,534,320,"2,387"
Kadabra #32,168,226,500,342,199,"1,558"
Nidoking [1st Edition] #11,418,458,549,651,98,"2,841"
Dragonair #18,104,165,291,202,108,990
Abra #43,199,323,688,580,357,"2,293"
Arcanine #23,115,172,464,393,216,"1,470"
Clefairy [1st Edition] #5,341,412,569,518,80,"2,524"
Magikarp #35,119,149,371,360,238,"1,313"
Vulpix #68,266,474,906,"1,386",940,"4,191"
Squirtle [Shadowless] #63,876,"1,337","1,990","2,130",840,"8,208"
Machamp [1999-2000] #8,-,-,-,-,-,-
Alakazam [Shadowless] #1,914,919,"1,038",494,37,"5,174"
Ninetales [Shadowless] #12,252,244,236,49,8,"1,267"
Haunter #29,133,173,379,350,179,"1,303"
Machop #52,252,318,718,798,518,"2,822"
Pikachu [E3] #58,383,411,616,656,204,"2,981"
Poliwrath [1st Edition] #13,369,411,566,585,115,"2,632"
Hitmonchan [1st Edition] #7,442,436,536,438,72,"2,546"
Machoke #34,162,228,472,452,277,"1,764"
Ponyta #60,263,374,718,675,487,"2,735"
Pikachu [1999-2000] #58,10,18,75,68,58,245
Arcanine [1st Edition] #23,188,292,537,745,324,"2,318"
Gastly #50,137,203,488,527,328,"1,801"
Blastoise [Trainer Deck B] #2,9,1,11,18,23,77
Gastly [1st Edition] #50,176,297,827,"1,175",699,"3,345"
Bulbasaur [Shadowless] #44,525,786,"1,195","1,678",777,"5,764"
Charmeleon [Shadowless] #24,925,"1,115","1,639","1,707",732,"7,236"
Ivysaur [1st Edition] #30,270,351,690,939,350,"2,912"
Zapdos [Shadowless] #16,670,747,883,584,76,"4,127"
Abra [1st Edition] #43,171,343,765,"1,212",871,"3,532"
Dratini #26,-,1,-,1,1,3
Electabuzz #20,71,111,224,143,84,741
Wartortle [1st Edition] #42,365,579,785,786,134,"2,997"
Magneton [1st Edition] #9,365,407,598,553,83,"2,549"
Beedrill #17,84,100,254,184,91,807
Poliwhirl #38,99,160,427,322,129,"1,219"
Ponyta [1st Edition] #60,150,320,695,"1,090",780,"3,141"
Vulpix [1st Edition] #68,212,324,798,"1,195",683,"3,360"
Chansey [Shadowless] #3,841,942,827,280,26,"4,335"
Kadabra [1st Edition] #32,155,235,541,774,227,"2,104"
Jynx #31,129,175,366,362,185,"1,335"
Magmar [1st Edition] #36,183,291,674,"1,168",397,"2,903"
Growlithe #28,145,186,425,376,248,"1,526"
Onix #56,117,254,500,469,396,"1,841"
Raichu [Shadowless] #14,788,894,821,382,34,"4,260"
Dragonair [1st Edition] #18,176,266,442,642,143,"1,903"
Hitmonchan [Shadowless] #7,"1,156","1,061","1,077",461,53,"5,588"
Machoke [1st Edition] #34,119,222,436,715,291,"1,901"
Onix [1st Edition] #56,181,292,745,"1,182",593,"3,141"
Diglett #47,139,230,660,491,401,"2,042"
Machop [1st Edition] #52,159,312,712,"1,105",728,"3,127"
Ninetales [Black Flame] #12,64,86,94,40,4,367
Poliwag #59,163,266,538,528,333,"1,953"
Haunter [1st Edition] #29,149,214,497,731,217,"1,952"
Mewtwo [1999-2000] #10,10,17,14,7,-,63
Poliwhirl [1st Edition] #38,192,328,749,"1,251",457,"3,151"
Drowzee #49,132,198,450,455,223,"1,563"
Bill #91,129,239,489,640,571,"2,219"
Charmander [1999-2000] #46,13,26,71,109,91,322
Professor Oak #88,110,191,391,617,366,"1,773"
Starmie #64,141,323,480,398,243,"1,682"
Growlithe [1st Edition] #28,134,274,510,686,189,"1,913"
Electrode #21,59,98,201,124,94,638
Blastoise [1999-2000] #2,9,9,13,-,1,40
Clefairy [Shadowless] #5,649,743,761,338,38,"3,590"
Nidoking [Shadowless] #11,727,772,"1,059",590,62,"4,286"
Drowzee [1st Edition] #49,149,301,801,"1,108",700,"3,177"
Diglett [1st Edition] #47,135,301,705,"1,118",721,"3,099"
Booster Pack [Shadowless],-,-,-,-,-,-
Sandshrew [1st Edition] #62,126,301,740,"1,047",688,"3,041"
Weedle #69,265,344,615,841,577,"2,851"
Pikachu [1st Edition Ghost Stamp] #58,20,38,27,8,1,130
Poliwrath [Shadowless] #13,684,730,868,588,57,"3,939"
Rattata #61,127,264,525,556,392,"1,957"
Wartortle [Evolution Box Error] #42,60,104,178,108,21,567
Pidgeotto #22,70,91,176,139,71,622
Jynx [1st Edition] #31,101,167,428,780,261,"1,845"
Koffing #51,143,265,603,454,321,"1,895"
Dugtrio #19,60,88,183,99,75,568
Imposter Professor Oak #73,113,151,308,384,214,"1,255"
Beedrill [1st Edition] #17,103,182,311,390,152,"1,280"
Magmar #36,63,109,291,276,135,934
Double Colorless Energy #96,111,148,332,354,171,"1,219"
Potion #94,233,283,506,723,620,"2,593"
Nidoran [1st Edition] #55,127,261,635,"1,119",725,"2,985"
